id,game_date,season,home_team_id,away_team_id,home_score,away_score
0022200001,2022-10-18,2022-23,1610612738,1610612755,126,117
0022200002,2022-10-18,2022-23,1610612744,1610612747,123,109
0022200005,2022-10-19,2022-23,1610612737,1610612745,117,107
0022200008,2022-10-19,2022-23,1610612761,1610612739,108,105
0022200006,2022-10-19,2022-23,1610612751,1610612740,108,130
0022200007,2022-10-19,2022-23,1610612748,1610612741,108,116
0022200013,2022-10-19,2022-23,1610612756,1610612742,107,105
0022200012,2022-10-19,2022-23,1610612762,1610612743,123,102
0022200010,2022-10-19,2022-23,1610612750,1610612760,115,108
0022200009,2022-10-19,2022-23,1610612763,1610612752,115,112
0022200003,2022-10-19,2022-23,1610612765,1610612753,113,109
0022200004,2022-10-19,2022-23,1610612754,1610612764,107,114
0022200014,2022-10-19,2022-23,1610612758,1610612757,108,115
0022200011,2022-10-19,2022-23,1610612759,1610612766,102,129
0022200016,2022-10-20,2022-23,1610612747,1610612746,97,103
0022200015,2022-10-20,2022-23,1610612755,1610612749,88,90
0022200020,2022-10-21,2022-23,1610612737,1610612753,108,98
0022200022,2022-10-21,2022-23,1610612748,1610612738,104,111
0022200017,2022-10-21,2022-23,1610612766,1610612740,112,124
0022200019,2022-10-21,2022-23,1610612764,1610612741,102,100
0022200026,2022-10-21,2022-23,1610612744,1610612743,123,128
0022200024,2022-10-21,2022-23,1610612745,1610612763,122,129
0022200025,2022-10-21,2022-23,1610612750,1610612762,126,132
0022200021,2022-10-21,2022-23,1610612751,1610612761,109,105
0022200023,2022-10-21,2022-23,1610612752,1610612765,130,106
0022200018,2022-10-21,2022-23,1610612754,1610612759,134,137
0022200027,2022-10-21,2022-23,1610612757,1610612756,113,111
0022200030,2022-10-22,2022-23,1610612753,1610612738,120,126
0022200032,2022-10-22,2022-23,1610612741,1610612739,96,128
0022200034,2022-10-22,2022-23,1610612742,1610612763,137,96
0022200035,2022-10-22,2022-23,1610612743,1610612760,122,117
0022200033,2022-10-22,2022-23,1610612749,1610612745,125,105
0022200036,2022-10-22,2022-23,1610612758,1610612746,109,111
0022200031,2022-10-22,2022-23,1610612748,1610612761,112,109
0022200029,2022-10-22,2022-23,1610612754,1610612765,124,115
0022200028,2022-10-22,2022-23,1610612755,1610612759,105,114
0022200038,2022-10-23,2022-23,1610612737,1610612766,109,126
0022200039,2022-10-23,2022-23,1610612739,1610612764,117,107
0022200040,2022-10-23,2022-23,1610612740,1610612762,121,122
0022200042,2022-10-23,2022-23,1610612744,1610612758,130,125
0022200043,2022-10-23,2022-23,1610612746,1610612756,95,112
0022200037,2022-10-23,2022-23,1610612747,1610612757,104,106
0022200041,2022-10-23,2022-23,1610612760,1610612750,106,116
0022200047,2022-10-24,2022-23,1610612741,1610612738,120,102
0022200051,2022-10-24,2022-23,1610612757,1610612743,135,110
0022200048,2022-10-24,2022-23,1610612745,1610612762,114,108
0022200045,2022-10-24,2022-23,1610612748,1610612761,90,98
0022200050,2022-10-24,2022-23,1610612750,1610612759,106,115
0022200049,2022-10-24,2022-23,1610612763,1610612751,134,124
0022200046,2022-10-24,2022-23,1610612752,1610612753,115,102
0022200044,2022-10-24,2022-23,1610612755,1610612754,120,106
0022200053,2022-10-25,2022-23,1610612740,1610612742,113,111
0022200055,2022-10-25,2022-23,1610612756,1610612744,134,105
0022200054,2022-10-25,2022-23,1610612760,1610612746,108,94
0022200052,2022-10-25,2022-23,1610612764,1610612765,120,99
0022200057,2022-10-26,2022-23,1610612765,1610612737,113,118
0022200056,2022-10-26,2022-23,1610612739,1610612753,103,92
0022200061,2022-10-26,2022-23,1610612741,1610612754,124,109
0022200064,2022-10-26,2022-23,1610612743,1610612747,110,99
0022200063,2022-10-26,2022-23,1610612762,1610612745,109,101
0022200065,2022-10-26,2022-23,1610612757,1610612748,98,119
0022200060,2022-10-26,2022-23,1610612749,1610612751,110,99
0022200062,2022-10-26,2022-23,1610612750,1610612759,134,122
0022200058,2022-10-26,2022-23,1610612752,1610612766,134,131
0022200059,2022-10-26,2022-23,1610612761,1610612755,119,109
0022200066,2022-10-27,2022-23,1610612751,1610612742,125,129
0022200068,2022-10-27,2022-23,1610612744,1610612748,123,110
0022200067,2022-10-27,2022-23,1610612760,1610612746,118,110
0022200069,2022-10-27,2022-23,1610612758,1610612763,110,125
0022200070,2022-10-28,2022-23,1610612765,1610612737,112,136
0022200072,2022-10-28,2022-23,1610612738,1610612739,123,132
0022200079,2022-10-28,2022-23,1610612756,1610612740,124,111
0022200077,2022-10-28,2022-23,1610612759,1610612741,129,124
0022200078,2022-10-28,2022-23,1610612743,1610612762,117,101
0022200080,2022-10-28,2022-23,1610612757,1610612745,125,111
0022200076,2022-10-28,2022-23,1610612750,1610612747,111,102
0022200075,2022-10-28,2022-23,1610612749,1610612752,119,108
0022200071,2022-10-28,2022-23,1610612753,1610612766,113,93
0022200074,2022-10-28,2022-23,1610612764,1610612754,117,127
0022200073,2022-10-28,2022-23,1610612761,1610612755,90,112
0022200085,2022-10-29,2022-23,1610612749,1610612737,123,115
0022200084,2022-10-29,2022-23,1610612741,1610612755,109,114
0022200086,2022-10-29,2022-23,1610612742,1610612760,111,117
0022200082,2022-10-29,2022-23,1610612766,1610612744,120,113
0022200081,2022-10-29,2022-23,1610612758,1610612748,119,113
0022200083,2022-10-29,2022-23,1610612751,1610612754,116,125
0022200087,2022-10-29,2022-23,1610612762,1610612763,124,123
0022200089,2022-10-30,2022-23,1610612738,1610612764,112,94
0022200090,2022-10-30,2022-23,1610612739,1610612752,121,108
0022200088,2022-10-30,2022-23,1610612746,1610612740,91,112
0022200093,2022-10-30,2022-23,1610612742,1610612753,114,105
0022200095,2022-10-30,2022-23,1610612747,1610612743,121,110
0022200091,2022-10-30,2022-23,1610612765,1610612744,128,114
0022200094,2022-10-30,2022-23,1610612756,1610612745,124,109
0022200092,2022-10-30,2022-23,1610612759,1610612750,107,98
0022200099,2022-10-31,2022-23,1610612761,1610612737,139,109
0022200102,2022-10-31,2022-23,1610612746,1610612745,95,93
0022200100,2022-10-31,2022-23,1610612749,1610612765,110,108
0022200098,2022-10-31,2022-23,1610612751,1610612754,116,109
0022200097,2022-10-31,2022-23,1610612764,1610612755,111,118
0022200096,2022-10-31,2022-23,1610612766,1610612758,108,115
0022200101,2022-10-31,2022-23,1610612762,1610612763,121,105
0022200103,2022-11-01,2022-23,1610612751,1610612741,99,108
0022200104,2022-11-01,2022-23,1610612748,1610612744,116,109
0022200106,2022-11-01,2022-23,1610612756,1610612750,116,107
0022200105,2022-11-01,2022-23,1610612760,1610612753,116,108
0022200110,2022-11-02,2022-23,1610612752,1610612737,99,112
0022200107,2022-11-02,2022-23,1610612739,1610612738,114,113
0022200117,2022-11-02,2022-23,1610612747,1610612740,120,117
0022200111,2022-11-02,2022-23,1610612741,1610612766,106,88
0022200115,2022-11-02,2022-23,1610612742,1610612762,103,100
0022200112,2022-11-02,2022-23,1610612745,1610612746,101,109
0022200109,2022-11-02,2022-23,1610612748,1610612758,110,107
0022200113,2022-11-02,2022-23,1610612749,1610612765,116,91
0022200108,2022-11-02,2022-23,1610612755,1610612764,111,121
0022200116,2022-11-02,2022-23,1610612757,1610612763,106,111
0022200114,2022-11-02,2022-23,1610612759,1610612761,100,143
0022200119,2022-11-03,2022-23,1610612760,1610612743,110,122
0022200118,2022-11-03,2022-23,1610612753,1610612744,130,129
0022200124,2022-11-04,2022-23,1610612738,1610612741,123,119
0022200120,2022-11-04,2022-23,1610612765,1610612739,88,112
0022200128,2022-11-04,2022-23,1610612740,1610612744,114,105
0022200127,2022-11-04,2022-23,1610612742,1610612761,111,110
0022200126,2022-11-04,2022-23,1610612759,1610612746,106,113
0022200131,2022-11-04,2022-23,1610612747,1610612762,116,130
0022200121,2022-11-04,2022-23,1610612754,1610612748,101,99
0022200129,2022-11-04,2022-23,1610612750,1610612749,102,115
0022200123,2022-11-04,2022-23,1610612764,1610612751,86,128
0022200122,2022-11-04,2022-23,1610612755,1610612752,104,106
0022200130,2022-11-04,2022-23,1610612756,1610612757,106,108
0022200125,2022-11-04,2022-23,1610612763,1610612766,130,99
0022200134,2022-11-05,2022-23,1610612737,1610612740,124,121
0022200135,2022-11-05,2022-23,1610612752,1610612738,118,133
0022200138,2022-11-05,2022-23,1610612743,1610612759,126,101
0022200137,2022-11-05,2022-23,1610612750,1610612745,129,117
0022200136,2022-11-05,2022-23,1610612749,1610612760,108,94
0022200133,2022-11-05,2022-23,1610612766,1610612751,94,98
0022200132,2022-11-05,2022-23,1610612753,1610612758,123,126
0022200139,2022-11-05,2022-23,1610612756,1610612757,102,82
0022200140,2022-11-06,2022-23,1610612747,1610612739,100,114
0022200141,2022-11-06,2022-23,1610612761,1610612741,113,104
0022200143,2022-11-06,2022-23,1610612746,1610612762,102,110
0022200142,2022-11-06,2022-23,1610612763,1610612764,103,97
0022200149,2022-11-07,2022-23,1610612737,1610612749,117,98
0022200152,2022-11-07,2022-23,1610612763,1610612738,106,109
0022200158,2022-11-07,2022-23,1610612746,1610612739,119,117
0022200147,2022-11-07,2022-23,1610612754,1610612740,129,122
0022200151,2022-11-07,2022-23,1610612741,1610612761,111,97
0022200155,2022-11-07,2022-23,1610612742,1610612751,96,94
0022200154,2022-11-07,2022-23,1610612759,1610612743,109,115
0022200156,2022-11-07,2022-23,1610612744,1610612758,116,113
0022200145,2022-11-07,2022-23,1610612753,1610612745,127,134
0022200157,2022-11-07,2022-23,1610612762,1610612747,139,116
0022200150,2022-11-07,2022-23,1610612748,1610612757,107,110
0022200153,2022-11-07,2022-23,1610612750,1610612752,107,120
0022200148,2022-11-07,2022-23,1610612755,1610612756,100,88
0022200146,2022-11-07,2022-23,1610612765,1610612760,112,103
0022200144,2022-11-07,2022-23,1610612766,1610612764,100,108
0022200162,2022-11-09,2022-23,1610612737,1610612762,119,125
0022200163,2022-11-09,2022-23,1610612738,1610612765,128,112
0022200171,2022-11-09,2022-23,1610612758,1610612739,127,120
0022200166,2022-11-09,2022-23,1610612741,1610612740,111,115
0022200161,2022-11-09,2022-23,1610612753,1610612742,94,87
0022200160,2022-11-09,2022-23,1610612754,1610612743,119,122
0022200165,2022-11-09,2022-23,1610612761,1610612745,116,109
0022200170,2022-11-09,2022-23,1610612746,1610612747,114,101
0022200168,2022-11-09,2022-23,1610612760,1610612749,132,136
0022200167,2022-11-09,2022-23,1610612750,1610612756,117,129
0022200164,2022-11-09,2022-23,1610612751,1610612752,112,85
0022200159,2022-11-09,2022-23,1610612766,1610612757,95,105
0022200169,2022-11-09,2022-23,1610612759,1610612763,122,124
0022200173,2022-11-10,2022-23,1610612737,1610612755,104,95
0022200175,2022-11-10,2022-23,1610612740,1610612757,95,106
0022200172,2022-11-10,2022-23,1610612764,1610612742,113,105
0022200174,2022-11-10,2022-23,1610612748,1610612766,117,112
0022200176,2022-11-11,2022-23,1610612738,1610612743,131,112
0022200182,2022-11-11,2022-23,1610612744,1610612739,106,101
0022200183,2022-11-11,2022-23,1610612747,1610612758,114,120
0022200180,2022-11-11,2022-23,1610612759,1610612749,111,93
0022200181,2022-11-11,2022-23,1610612763,1610612750,114,103
0022200178,2022-11-11,2022-23,1610612752,1610612765,121,112
0022200177,2022-11-11,2022-23,1610612753,1610612756,114,97
0022200179,2022-11-11,2022-23,1610612760,1610612761,132,113
0022200188,2022-11-12,2022-23,1610612755,1610612737,121,109
0022200186,2022-11-12,2022-23,1610612765,1610612738,108,117
0022200191,2022-11-12,2022-23,1610612740,1610612745,119,106
0022200190,2022-11-12,2022-23,1610612742,1610612757,117,112
0022200184,2022-11-12,2022-23,1610612746,1610612751,95,110
0022200189,2022-11-12,2022-23,1610612748,1610612766,132,115
0022200187,2022-11-12,2022-23,1610612754,1610612761,118,104
0022200185,2022-11-12,2022-23,1610612764,1610612762,121,112
0022200193,2022-11-13,2022-23,1610612739,1610612750,124,129
0022200196,2022-11-13,2022-23,1610612741,1610612743,103,126
0022200197,2022-11-13,2022-23,1610612758,1610612744,122,115
0022200198,2022-11-13,2022-23,1610612747,1610612751,116,103
0022200192,2022-11-13,2022-23,1610612752,1610612760,135,145
0022200195,2022-11-13,2022-23,1610612755,1610612762,105,98
0022200194,2022-11-13,2022-23,1610612764,1610612763,102,92
0022200204,2022-11-14,2022-23,1610612749,1610612737,106,121
0022200201,2022-11-14,2022-23,1610612738,1610612760,126,122
0022200205,2022-11-14,2022-23,1610612744,1610612759,132,95
0022200203,2022-11-14,2022-23,1610612745,1610612746,106,122
0022200202,2022-11-14,2022-23,1610612748,1610612756,113,112
0022200200,2022-11-14,2022-23,1610612753,1610612766,105,112
0022200199,2022-11-14,2022-23,1610612765,1610612761,111,115
0022200206,2022-11-15,2022-23,1610612740,1610612763,113,102
0022200207,2022-11-15,2022-23,1610612742,1610612746,103,101
0022200210,2022-11-15,2022-23,1610612758,1610612751,153,121
0022200208,2022-11-15,2022-23,1610612762,1610612752,111,118
0022200209,2022-11-15,2022-23,1610612757,1610612759,117,110
0022200214,2022-11-16,2022-23,1610612737,1610612738,101,126
0022200216,2022-11-16,2022-23,1610612749,1610612739,113,98
0022200217,2022-11-16,2022-23,1610612740,1610612741,124,110
0022200218,2022-11-16,2022-23,1610612742,1610612745,92,101
0022200219,2022-11-16,2022-23,1610612743,1610612752,103,106
0022200220,2022-11-16,2022-23,1610612756,1610612744,130,119
0022200215,2022-11-16,2022-23,1610612761,1610612748,112,104
0022200212,2022-11-16,2022-23,1610612753,1610612750,108,126
0022200211,2022-11-16,2022-23,1610612766,1610612754,113,125
0022200213,2022-11-16,2022-23,1610612764,1610612760,120,121
0022200223,2022-11-17,2022-23,1610612746,1610612765,96,91
0022200221,2022-11-17,2022-23,1610612757,1610612751,107,109
0022200222,2022-11-17,2022-23,1610612758,1610612759,130,112
0022200231,2022-11-18,2022-23,1610612740,1610612738,109,117
0022200225,2022-11-18,2022-23,1610612739,1610612766,132,122
0022200227,2022-11-18,2022-23,1610612741,1610612753,107,108
0022200230,2022-11-18,2022-23,1610612742,1610612743,127,99
0022200233,2022-11-18,2022-23,1610612744,1610612752,111,101
0022200228,2022-11-18,2022-23,1610612745,1610612754,91,99
0022200234,2022-11-18,2022-23,1610612747,1610612765,128,121
0022200224,2022-11-18,2022-23,1610612764,1610612748,107,106
0022200226,2022-11-18,2022-23,1610612755,1610612749,110,102
0022200232,2022-11-18,2022-23,1610612762,1610612756,134,133
0022200229,2022-11-18,2022-23,1610612763,1610612760,121,110
0022200235,2022-11-19,2022-23,1610612737,1610612761,124,122
0022200239,2022-11-19,2022-23,1610612746,1610612759,119,97
0022200237,2022-11-19,2022-23,1610612755,1610612750,109,112
0022200236,2022-11-19,2022-23,1610612754,1610612753,114,113
0022200238,2022-11-19,2022-23,1610612757,1610612762,113,118
0022200244,2022-11-20,2022-23,1610612739,1610612748,113,87
0022200246,2022-11-20,2022-23,1610612742,1610612743,97,98
0022200245,2022-11-20,2022-23,1610612745,1610612744,120,127
0022200247,2022-11-20,2022-23,1610612747,1610612759,123,92
0022200243,2022-11-20,2022-23,1610612751,1610612763,127,115
0022200240,2022-11-20,2022-23,1610612756,1610612752,116,95
0022200242,2022-11-20,2022-23,1610612758,1610612765,137,129
0022200241,2022-11-20,2022-23,1610612764,1610612766,106,102
0022200248,2022-11-21,2022-23,1610612739,1610612737,114,102
0022200250,2022-11-21,2022-23,1610612741,1610612738,121,107
0022200253,2022-11-21,2022-23,1610612740,1610612744,128,83
0022200255,2022-11-21,2022-23,1610612746,1610612762,121,114
0022200252,2022-11-21,2022-23,1610612750,1610612748,105,101
0022200251,2022-11-21,2022-23,1610612749,1610612757,119,111
0022200254,2022-11-21,2022-23,1610612760,1610612752,119,129
0022200249,2022-11-21,2022-23,1610612754,1610612753,123,102
0022200258,2022-11-22,2022-23,1610612743,1610612765,108,110
0022200259,2022-11-22,2022-23,1610612756,1610612747,115,105
0022200256,2022-11-22,2022-23,1610612755,1610612751,115,106
0022200257,2022-11-22,2022-23,1610612763,1610612758,109,113
0022200263,2022-11-23,2022-23,1610612737,1610612758,115,106
0022200264,2022-11-23,2022-23,1610612738,1610612742,125,112
0022200261,2022-11-23,2022-23,1610612739,1610612757,114,96
0022200269,2022-11-23,2022-23,1610612759,1610612740,110,129
0022200267,2022-11-23,2022-23,1610612749,1610612741,113,118
0022200268,2022-11-23,2022-23,1610612760,1610612743,126,131
0022200271,2022-11-23,2022-23,1610612744,1610612746,124,107
0022200265,2022-11-23,2022-23,1610612748,1610612764,113,105
0022200262,2022-11-23,2022-23,1610612754,1610612750,101,115
0022200266,2022-11-23,2022-23,1610612761,1610612751,98,112
0022200260,2022-11-23,2022-23,1610612766,1610612755,107,101
0022200270,2022-11-23,2022-23,1610612762,1610612765,116,125
0022200278,2022-11-25,2022-23,1610612745,1610612737,128,122
0022200275,2022-11-25,2022-23,1610612738,1610612758,122,104
0022200280,2022-11-25,2022-23,1610612749,1610612739,117,102
0022200279,2022-11-25,2022-23,1610612763,1610612740,132,111
0022200281,2022-11-25,2022-23,1610612760,1610612741,123,119
0022200285,2022-11-25,2022-23,1610612746,1610612743,104,114
0022200284,2022-11-25,2022-23,1610612744,1610612762,129,118
0022200282,2022-11-25,2022-23,1610612759,1610612747,94,105
0022200277,2022-11-25,2022-23,1610612748,1610612764,110,107
0022200272,2022-11-25,2022-23,1610612766,1610612750,110,108
0022200276,2022-11-25,2022-23,1610612754,1610612751,128,117
0022200274,2022-11-25,2022-23,1610612752,1610612757,129,132
0022200273,2022-11-25,2022-23,1610612753,1610612755,99,107
0022200283,2022-11-25,2022-23,1610612756,1610612765,108,102
0022200286,2022-11-26,2022-23,1610612761,1610612742,105,100
0022200287,2022-11-26,2022-23,1610612745,1610612760,118,105
0022200288,2022-11-26,2022-23,1610612759,1610612747,138,143
0022200289,2022-11-26,2022-23,1610612756,1610612762,113,112
0022200293,2022-11-27,2022-23,1610612737,1610612748,98,106
0022200294,2022-11-27,2022-23,1610612738,1610612764,130,121
0022200295,2022-11-27,2022-23,1610612765,1610612739,94,102
0022200298,2022-11-27,2022-23,1610612749,1610612742,124,115
0022200291,2022-11-27,2022-23,1610612750,1610612744,114,137
0022200292,2022-11-27,2022-23,1610612746,1610612754,114,100
0022200290,2022-11-27,2022-23,1610612751,1610612757,111,97
0022200296,2022-11-27,2022-23,1610612752,1610612763,123,127
0022200297,2022-11-27,2022-23,1610612753,1610612755,103,133
0022200299,2022-11-28,2022-23,1610612755,1610612737,104,101
0022200301,2022-11-28,2022-23,1610612738,1610612766,140,105
0022200303,2022-11-28,2022-23,1610612761,1610612739,100,88
0022200304,2022-11-28,2022-23,1610612740,1610612760,105,101
0022200306,2022-11-28,2022-23,1610612762,1610612741,107,114
0022200305,2022-11-28,2022-23,1610612743,1610612745,129,113
0022200308,2022-11-28,2022-23,1610612747,1610612754,115,116
0022200300,2022-11-28,2022-23,1610612764,1610612750,142,127
0022200302,2022-11-28,2022-23,1610612751,1610612753,109,102
0022200307,2022-11-28,2022-23,1610612758,1610612756,117,122
0022200310,2022-11-29,2022-23,1610612742,1610612744,116,113
0022200311,2022-11-29,2022-23,1610612757,1610612746,112,118
0022200309,2022-11-29,2022-23,1610612765,1610612752,110,140
0022200313,2022-11-30,2022-23,1610612753,1610612737,108,125
0022200314,2022-11-30,2022-23,1610612738,1610612748,134,121
0022200312,2022-11-30,2022-23,1610612739,1610612755,113,85
0022200318,2022-11-30,2022-23,1610612740,1610612761,126,108
0022200321,2022-11-30,2022-23,1610612756,1610612741,132,113
0022200320,2022-11-30,2022-23,1610612743,1610612745,120,100
0022200322,2022-11-30,2022-23,1610612762,1610612746,125,112
0022200324,2022-11-30,2022-23,1610612747,1610612757,128,109
0022200316,2022-11-30,2022-23,1610612752,1610612749,103,109
0022200317,2022-11-30,2022-23,1610612750,1610612763,109,101
0022200315,2022-11-30,2022-23,1610612751,1610612764,113,107
0022200323,2022-11-30,2022-23,1610612758,1610612754,137,114
0022200319,2022-11-30,2022-23,1610612760,1610612759,119,111
0022200325,2022-12-01,2022-23,1610612765,1610612742,131,125
0022200327,2022-12-02,2022-23,1610612737,1610612743,117,109
0022200328,2022-12-02,2022-23,1610612738,1610612748,116,120
0022200330,2022-12-02,2022-23,1610612739,1610612753,107,96
0022200333,2022-12-02,2022-23,1610612759,1610612740,99,117
0022200336,2022-12-02,2022-23,1610612744,1610612741,119,111
0022200334,2022-12-02,2022-23,1610612756,1610612745,121,122
0022200331,2022-12-02,2022-23,1610612749,1610612747,129,133
0022200329,2022-12-02,2022-23,1610612751,1610612761,114,105
0022200335,2022-12-02,2022-23,1610612762,1610612754,139,119
0022200332,2022-12-02,2022-23,1610612763,1610612755,117,109
0022200326,2022-12-02,2022-23,1610612766,1610612764,117,116
0022200337,2022-12-03,2022-23,1610612752,1610612742,100,121
0022200342,2022-12-03,2022-23,1610612744,1610612745,120,101
0022200338,2022-12-03,2022-23,1610612746,1610612758,96,123
0022200339,2022-12-03,2022-23,1610612766,1610612749,96,105
0022200341,2022-12-03,2022-23,1610612750,1610612760,128,135
0022200340,2022-12-03,2022-23,1610612761,1610612753,121,108
0022200343,2022-12-03,2022-23,1610612762,1610612757,111,116
0022200346,2022-12-04,2022-23,1610612751,1610612738,92,103
0022200348,2022-12-04,2022-23,1610612752,1610612739,92,81
0022200344,2022-12-04,2022-23,1610612740,1610612743,121,106
0022200350,2022-12-04,2022-23,1610612758,1610612741,110,101
0022200349,2022-12-04,2022-23,1610612764,1610612747,119,130
0022200351,2022-12-04,2022-23,1610612757,1610612754,116,100
0022200345,2022-12-04,2022-23,1610612759,1610612756,95,133
0022200347,2022-12-04,2022-23,1610612765,1610612763,112,122
0022200354,2022-12-05,2022-23,1610612737,1610612760,114,121
0022200355,2022-12-05,2022-23,1610612761,1610612738,110,116
0022200358,2022-12-05,2022-23,1610612742,1610612756,130,111
0022200359,2022-12-05,2022-23,1610612744,1610612754,104,112
0022200356,2022-12-05,2022-23,1610612745,1610612755,132,123
0022200352,2022-12-05,2022-23,1610612766,1610612746,117,119
0022200357,2022-12-05,2022-23,1610612763,1610612748,101,93
0022200353,2022-12-05,2022-23,1610612753,1610612749,102,109
0022200360,2022-12-06,2022-23,1610612739,1610612747,116,102
0022200362,2022-12-06,2022-23,1610612743,1610612742,115,116
0022200361,2022-12-06,2022-23,1610612748,1610612765,96,116
0022200365,2022-12-07,2022-23,1610612752,1610612737,113,89
0022200373,2022-12-07,2022-23,1610612756,1610612738,98,125
0022200371,2022-12-07,2022-23,1610612740,1610612765,104,98
0022200367,2022-12-07,2022-23,1610612741,1610612764,115,111
0022200372,2022-12-07,2022-23,1610612762,1610612744,124,123
0022200363,2022-12-07,2022-23,1610612753,1610612746,116,111
0022200366,2022-12-07,2022-23,1610612761,1610612747,126,113
0022200369,2022-12-07,2022-23,1610612749,1610612758,126,113
0022200370,2022-12-07,2022-23,1610612750,1610612754,121,115
0022200364,2022-12-07,2022-23,1610612751,1610612766,122,116
0022200368,2022-12-07,2022-23,1610612763,1610612760,123,102
0022200376,2022-12-08,2022-23,1610612757,1610612743,120,121
0022200375,2022-12-08,2022-23,1610612759,1610612745,118,109
0022200374,2022-12-08,2022-23,1610612748,1610612746,115,110
0022200380,2022-12-09,2022-23,1610612751,1610612737,120,116
0022200381,2022-12-09,2022-23,1610612739,1610612758,95,106
0022200384,2022-12-09,2022-23,1610612740,1610612756,128,117
0022200386,2022-12-09,2022-23,1610612742,1610612749,105,106
0022200382,2022-12-09,2022-23,1610612755,1610612747,133,122
0022200385,2022-12-09,2022-23,1610612762,1610612750,108,118
0022200377,2022-12-09,2022-23,1610612766,1610612752,102,121
0022200379,2022-12-09,2022-23,1610612753,1610612761,113,109
0022200378,2022-12-09,2022-23,1610612754,1610612764,121,111
0022200383,2022-12-09,2022-23,1610612763,1610612765,114,103
0022200392,2022-12-10,2022-23,1610612744,1610612738,123,107
0022200390,2022-12-10,2022-23,1610612739,1610612760,110,102
0022200391,2022-12-10,2022-23,1610612741,1610612742,144,115
0022200393,2022-12-10,2022-23,1610612743,1610612762,115,110
0022200389,2022-12-10,2022-23,1610612764,1610612746,107,114
0022200387,2022-12-10,2022-23,1610612748,1610612759,111,115
0022200394,2022-12-10,2022-23,1610612757,1610612750,124,118
0022200388,2022-12-10,2022-23,1610612754,1610612751,133,136
0022200400,2022-12-11,2022-23,1610612737,1610612741,123,122
0022200395,2022-12-11,2022-23,1610612740,1610612756,129,124
0022200401,2022-12-11,2022-23,1610612745,1610612749,97,92
0022200396,2022-12-11,2022-23,1610612765,1610612747,117,124
0022200397,2022-12-11,2022-23,1610612752,1610612758,112,99
0022200398,2022-12-11,2022-23,1610612753,1610612761,111,99
0022200399,2022-12-11,2022-23,1610612755,1610612766,131,113
0022200404,2022-12-12,2022-23,1610612763,1610612737,128,103
0022200408,2022-12-12,2022-23,1610612746,1610612738,113,93
0022200406,2022-12-12,2022-23,1610612759,1610612739,112,111
0022200405,2022-12-12,2022-23,1610612742,1610612760,121,114
0022200402,2022-12-12,2022-23,1610612754,1610612748,82,87
0022200407,2022-12-12,2022-23,1610612757,1610612750,133,112
0022200403,2022-12-12,2022-23,1610612764,1610612751,100,112
0022200413,2022-12-13,2022-23,1610612747,1610612738,118,122
0022200412,2022-12-13,2022-23,1610612762,1610612740,121,100
0022200410,2022-12-13,2022-23,1610612749,1610612744,128,111
0022200411,2022-12-13,2022-23,1610612745,1610612756,111,97
0022200409,2022-12-13,2022-23,1610612755,1610612758,123,103
0022200416,2022-12-14,2022-23,1610612753,1610612737,135,124
0022200421,2022-12-14,2022-23,1610612742,1610612739,90,105
0022200418,2022-12-14,2022-23,1610612741,1610612752,120,128
0022200422,2022-12-14,2022-23,1610612743,1610612764,141,128
0022200415,2022-12-14,2022-23,1610612754,1610612744,125,119
0022200423,2022-12-14,2022-23,1610612746,1610612750,99,88
0022200419,2022-12-14,2022-23,1610612760,1610612748,108,110
0022200420,2022-12-14,2022-23,1610612759,1610612757,112,128
0022200417,2022-12-14,2022-23,1610612761,1610612758,123,124
0022200414,2022-12-14,2022-23,1610612766,1610612765,134,141
0022200426,2022-12-15,2022-23,1610612762,1610612740,132,129
0022200424,2022-12-15,2022-23,1610612745,1610612748,108,111
0022200427,2022-12-15,2022-23,1610612746,1610612756,95,111
0022200425,2022-12-15,2022-23,1610612763,1610612749,142,101
0022200428,2022-12-16,2022-23,1610612766,1610612737,106,125
0022200430,2022-12-16,2022-23,1610612738,1610612753,109,117
0022200431,2022-12-16,2022-23,1610612739,1610612754,118,112
0022200434,2022-12-16,2022-23,1610612741,1610612752,91,114
0022200436,2022-12-16,2022-23,1610612742,1610612757,130,110
0022200437,2022-12-16,2022-23,1610612747,1610612743,126,108
0022200432,2022-12-16,2022-23,1610612755,1610612744,118,106
0022200435,2022-12-16,2022-23,1610612760,1610612750,110,112
0022200433,2022-12-16,2022-23,1610612761,1610612751,116,119
0022200429,2022-12-16,2022-23,1610612765,1610612758,113,122
0022200440,2022-12-17,2022-23,1610612739,1610612742,100,99
0022200444,2022-12-17,2022-23,1610612756,1610612740,118,114
0022200441,2022-12-17,2022-23,1610612745,1610612757,95,107
0022200438,2022-12-17,2022-23,1610612746,1610612764,102,93
0022200439,2022-12-17,2022-23,1610612759,1610612748,101,111
0022200442,2022-12-17,2022-23,1610612749,1610612762,123,97
0022200443,2022-12-17,2022-23,1610612760,1610612763,115,109
0022200445,2022-12-18,2022-23,1610612738,1610612753,92,95
0022200449,2022-12-18,2022-23,1610612750,1610612741,150,126
0022200450,2022-12-18,2022-23,1610612743,1610612766,119,115
0022200448,2022-12-18,2022-23,1610612761,1610612744,110,126
0022200451,2022-12-18,2022-23,1610612747,1610612764,119,117
0022200447,2022-12-18,2022-23,1610612765,1610612751,121,124
0022200446,2022-12-18,2022-23,1610612754,1610612752,106,109
0022200454,2022-12-19,2022-23,1610612737,1610612753,126,125
0022200452,2022-12-19,2022-23,1610612739,1610612762,122,99
0022200457,2022-12-19,2022-23,1610612740,1610612749,119,128
0022200456,2022-12-19,2022-23,1610612750,1610612742,116,106
0022200455,2022-12-19,2022-23,1610612745,1610612759,105,124
0022200459,2022-12-19,2022-23,1610612756,1610612747,130,104
0022200453,2022-12-19,2022-23,1610612755,1610612761,104,101
0022200458,2022-12-19,2022-23,1610612760,1610612757,123,121
0022200460,2022-12-19,2022-23,1610612758,1610612766,119,125
0022200462,2022-12-20,2022-23,1610612748,1610612741,103,113
0022200465,2022-12-20,2022-23,1610612743,1610612763,105,91
0022200463,2022-12-20,2022-23,1610612752,1610612744,132,94
0022200464,2022-12-20,2022-23,1610612756,1610612764,110,113
0022200461,2022-12-20,2022-23,1610612765,1610612762,111,126
0022200468,2022-12-21,2022-23,1610612737,1610612741,108,110
0022200469,2022-12-21,2022-23,1610612738,1610612754,112,117
0022200466,2022-12-21,2022-23,1610612739,1610612749,114,106
0022200473,2022-12-21,2022-23,1610612750,1610612742,99,104
0022200470,2022-12-21,2022-23,1610612751,1610612744,143,113
0022200472,2022-12-21,2022-23,1610612745,1610612753,110,116
0022200476,2022-12-21,2022-23,1610612746,1610612766,126,105
0022200475,2022-12-21,2022-23,1610612758,1610612747,134,120
0022200471,2022-12-21,2022-23,1610612752,1610612761,106,113
0022200467,2022-12-21,2022-23,1610612755,1610612765,113,93
0022200474,2022-12-21,2022-23,1610612760,1610612757,101,98
0022200477,2022-12-22,2022-23,1610612740,1610612759,126,117
0022200478,2022-12-22,2022-23,1610612762,1610612764,120,112
0022200481,2022-12-23,2022-23,1610612737,1610612765,130,105
0022200482,2022-12-23,2022-23,1610612738,1610612750,121,109
0022200484,2022-12-23,2022-23,1610612739,1610612761,107,118
0022200488,2022-12-23,2022-23,1610612760,1610612740,125,128
0022200485,2022-12-23,2022-23,1610612752,1610612741,117,118
0022200487,2022-12-23,2022-23,1610612745,1610612742,106,112
0022200489,2022-12-23,2022-23,1610612743,1610612757,120,107
0022200480,2022-12-23,2022-23,1610612755,1610612746,119,114
0022200492,2022-12-23,2022-23,1610612747,1610612766,130,134
0022200486,2022-12-23,2022-23,1610612748,1610612754,108,111
0022200483,2022-12-23,2022-23,1610612751,1610612749,118,100
0022200479,2022-12-23,2022-23,1610612753,1610612759,133,113
0022200490,2022-12-23,2022-23,1610612756,1610612763,100,125
0022200491,2022-12-23,2022-23,1610612758,1610612764,111,125
0022200495,2022-12-25,2022-23,1610612738,1610612749,139,118
0022200494,2022-12-25,2022-23,1610612742,1610612747,124,115
0022200497,2022-12-25,2022-23,1610612743,1610612756,128,125
0022200496,2022-12-25,2022-23,1610612744,1610612763,123,109
0022200493,2022-12-25,2022-23,1610612752,1610612755,112,119
0022200498,2022-12-26,2022-23,1610612739,1610612751,117,125
0022200502,2022-12-26,2022-23,1610612740,1610612754,113,93
0022200501,2022-12-26,2022-23,1610612741,1610612745,118,133
0022200499,2022-12-26,2022-23,1610612765,1610612746,131,142
0022200500,2022-12-26,2022-23,1610612748,1610612750,113,110
0022200504,2022-12-26,2022-23,1610612757,1610612766,124,113
0022200503,2022-12-26,2022-23,1610612759,1610612762,126,122
0022200508,2022-12-27,2022-23,1610612754,1610612737,129,114
0022200507,2022-12-27,2022-23,1610612738,1610612745,126,102
0022200512,2022-12-27,2022-23,1610612742,1610612752,126,121
0022200514,2022-12-27,2022-23,1610612758,1610612743,106,113
0022200513,2022-12-27,2022-23,1610612744,1610612766,110,105
0022200509,2022-12-27,2022-23,1610612761,1610612746,113,124
0022200505,2022-12-27,2022-23,1610612753,1610612747,110,129
0022200506,2022-12-27,2022-23,1610612764,1610612755,116,111
0022200510,2022-12-27,2022-23,1610612763,1610612756,108,125
0022200511,2022-12-27,2022-23,1610612760,1610612759,130,114
0022200517,2022-12-28,2022-23,1610612737,1610612751,107,108
0022200520,2022-12-28,2022-23,1610612740,1610612750,119,118
0022200519,2022-12-28,2022-23,1610612741,1610612749,119,113
0022200522,2022-12-28,2022-23,1610612758,1610612743,127,126
0022200521,2022-12-28,2022-23,1610612744,1610612762,112,107
0022200518,2022-12-28,2022-23,1610612748,1610612747,112,98
0022200515,2022-12-28,2022-23,1610612765,1610612753,121,101
0022200516,2022-12-28,2022-23,1610612764,1610612756,127,102
0022200525,2022-12-29,2022-23,1610612738,1610612746,116,110
0022200524,2022-12-29,2022-23,1610612754,1610612739,135,126
0022200528,2022-12-29,2022-23,1610612742,1610612745,129,114
0022200527,2022-12-29,2022-23,1610612759,1610612752,122,115
0022200523,2022-12-29,2022-23,1610612766,1610612760,121,113
0022200526,2022-12-29,2022-23,1610612761,1610612763,106,119
0022200530,2022-12-30,2022-23,1610612737,1610612747,121,130
0022200534,2022-12-30,2022-23,1610612740,1610612755,127,116
0022200532,2022-12-30,2022-23,1610612741,1610612765,132,118
0022200535,2022-12-30,2022-23,1610612743,1610612748,124,119
0022200536,2022-12-30,2022-23,1610612744,1610612757,118,112
0022200533,2022-12-30,2022-23,1610612749,1610612750,123,114
0022200529,2022-12-30,2022-23,1610612753,1610612764,100,119
0022200531,2022-12-30,2022-23,1610612761,1610612756,113,104
0022200537,2022-12-30,2022-23,1610612758,1610612762,126,125
0022200540,2022-12-31,2022-23,1610612741,1610612739,102,103
0022200543,2022-12-31,2022-23,1610612763,1610612740,116,101
0022200542,2022-12-31,2022-23,1610612759,1610612742,125,126
0022200541,2022-12-31,2022-23,1610612745,1610612752,88,108
0022200538,2022-12-31,2022-23,1610612754,1610612746,131,130
0022200546,2022-12-31,2022-23,1610612762,1610612748,123,126
0022200544,2022-12-31,2022-23,1610612750,1610612765,104,116
0022200539,2022-12-31,2022-23,1610612766,1610612751,106,123
0022200545,2022-12-31,2022-23,1610612760,1610612755,96,115
0022200549,2023-01-01,2022-23,1610612743,1610612738,123,111
0022200548,2023-01-01,2022-23,1610612749,1610612764,95,118
0022200547,2023-01-01,2022-23,1610612763,1610612758,118,108
0022200558,2023-01-02,2022-23,1610612744,1610612737,143,141
0022200552,2023-01-02,2022-23,1610612739,1610612741,145,134
0022200554,2023-01-02,2022-23,1610612755,1610612740,120,111
0022200556,2023-01-02,2022-23,1610612745,1610612742,106,111
0022200557,2023-01-02,2022-23,1610612750,1610612743,124,111
0022200560,2023-01-02,2022-23,1610612746,1610612748,100,110
0022200551,2023-01-02,2022-23,1610612766,1610612747,115,121
0022200555,2023-01-02,2022-23,1610612751,1610612759,139,103
0022200550,2023-01-02,2022-23,1610612752,1610612756,102,83
0022200553,2023-01-02,2022-23,1610612754,1610612761,122,114
0022200559,2023-01-02,2022-23,1610612757,1610612765,135,106
0022200562,2023-01-03,2022-23,1610612760,1610612738,150,117
0022200561,2023-01-03,2022-23,1610612749,1610612764,123,113
0022200563,2023-01-03,2022-23,1610612762,1610612758,115,117
0022200575,2023-01-04,2022-23,1610612758,1610612737,117,120
0022200565,2023-01-04,2022-23,1610612739,1610612756,90,88
0022200572,2023-01-04,2022-23,1610612740,1610612745,119,108
0022200570,2023-01-04,2022-23,1610612741,1610612751,121,112
0022200573,2023-01-04,2022-23,1610612744,1610612765,119,122
0022200574,2023-01-04,2022-23,1610612747,1610612748,112,109
0022200569,2023-01-04,2022-23,1610612761,1610612749,101,104
0022200571,2023-01-04,2022-23,1610612750,1610612757,113,106
0022200568,2023-01-04,2022-23,1610612752,1610612759,117,114
0022200566,2023-01-04,2022-23,1610612753,1610612760,126,115
0022200567,2023-01-04,2022-23,1610612755,1610612754,129,126
0022200564,2023-01-04,2022-23,1610612766,1610612763,107,131
0022200577,2023-01-05,2022-23,1610612742,1610612738,95,124
0022200579,2023-01-05,2022-23,1610612743,1610612746,122,91
0022200578,2023-01-05,2022-23,1610612745,1610612762,114,131
0022200576,2023-01-05,2022-23,1610612753,1610612763,115,123
0022200590,2023-01-06,2022-23,1610612747,1610612737,130,114
0022200588,2023-01-06,2022-23,1610612743,1610612739,121,108
0022200586,2023-01-06,2022-23,1610612740,1610612751,102,108
0022200581,2023-01-06,2022-23,1610612755,1610612741,112,126
0022200587,2023-01-06,2022-23,1610612750,1610612746,128,115
0022200589,2023-01-06,2022-23,1610612756,1610612748,96,104
0022200583,2023-01-06,2022-23,1610612749,1610612766,109,138
0022200582,2023-01-06,2022-23,1610612761,1610612752,108,112
0022200580,2023-01-06,2022-23,1610612754,1610612757,108,99
0022200585,2023-01-06,2022-23,1610612759,1610612765,121,109
0022200584,2023-01-06,2022-23,1610612760,1610612764,127,110
0022200591,2023-01-07,2022-23,1610612759,1610612738,116,121
0022200593,2023-01-07,2022-23,1610612742,1610612740,127,117
0022200592,2023-01-07,2022-23,1610612741,1610612762,126,118
0022200594,2023-01-07,2022-23,1610612744,1610612753,101,115
0022200595,2023-01-07,2022-23,1610612758,1610612747,134,136
0022200604,2023-01-08,2022-23,1610612746,1610612737,108,112
0022200603,2023-01-08,2022-23,1610612756,1610612739,98,112
0022200602,2023-01-08,2022-23,1610612760,1610612742,120,109
0022200601,2023-01-08,2022-23,1610612745,1610612750,96,104
0022200599,2023-01-08,2022-23,1610612748,1610612751,101,102
0022200598,2023-01-08,2022-23,1610612754,1610612766,116,111
0022200596,2023-01-08,2022-23,1610612765,1610612755,111,123
0022200597,2023-01-08,2022-23,1610612761,1610612757,117,105
0022200600,2023-01-08,2022-23,1610612763,1610612762,123,118
0022200606,2023-01-09,2022-23,1610612738,1610612741,107,99
0022200605,2023-01-09,2022-23,1610612764,1610612740,112,132
0022200609,2023-01-09,2022-23,1610612743,1610612747,122,109
0022200607,2023-01-09,2022-23,1610612752,1610612749,107,111
0022200610,2023-01-09,2022-23,1610612758,1610612753,136,111
0022200608,2023-01-09,2022-23,1610612763,1610612759,121,113
0022200614,2023-01-10,2022-23,1610612762,1610612739,116,114
0022200617,2023-01-10,2022-23,1610612746,1610612742,113,101
0022200615,2023-01-10,2022-23,1610612744,1610612756,113,125
0022200611,2023-01-10,2022-23,1610612748,1610612760,112,111
0022200616,2023-01-10,2022-23,1610612757,1610612753,106,109
0022200612,2023-01-10,2022-23,1610612755,1610612765,147,116
0022200613,2023-01-10,2022-23,1610612761,1610612766,132,120
0022200620,2023-01-11,2022-23,1610612737,1610612749,105,114
0022200621,2023-01-11,2022-23,1610612738,1610612740,125,114
0022200619,2023-01-11,2022-23,1610612764,1610612741,100,97
0022200624,2023-01-11,2022-23,1610612743,1610612756,126,97
0022200625,2023-01-11,2022-23,1610612758,1610612745,135,115
0022200618,2023-01-11,2022-23,1610612765,1610612750,135,118
0022200622,2023-01-11,2022-23,1610612752,1610612754,119,113
0022200623,2023-01-11,2022-23,1610612763,1610612759,135,129
0022200627,2023-01-12,2022-23,1610612751,1610612738,98,109
0022200631,2023-01-12,2022-23,1610612757,1610612739,113,119
0022200630,2023-01-12,2022-23,1610612747,1610612742,115,119
0022200628,2023-01-12,2022-23,1610612748,1610612749,108,102
0022200626,2023-01-12,2022-23,1610612755,1610612760,114,133
0022200629,2023-01-12,2022-23,1610612761,1610612766,124,114
0022200633,2023-01-13,2022-23,1610612754,1610612737,111,113
0022200632,2023-01-13,2022-23,1610612765,1610612740,110,116
0022200636,2023-01-13,2022-23,1610612741,1610612760,110,124
0022200639,2023-01-13,2022-23,1610612746,1610612743,103,115
0022200635,2023-01-13,2022-23,1610612759,1610612744,113,144
0022200640,2023-01-13,2022-23,1610612758,1610612745,139,114
0022200637,2023-01-13,2022-23,1610612750,1610612756,121,116
0022200634,2023-01-13,2022-23,1610612764,1610612752,108,112
0022200638,2023-01-13,2022-23,1610612762,1610612753,112,108
0022200644,2023-01-14,2022-23,1610612761,1610612737,103,114
0022200642,2023-01-14,2022-23,1610612766,1610612738,106,122
0022200645,2023-01-14,2022-23,1610612750,1610612739,110,102
0022200647,2023-01-14,2022-23,1610612757,1610612742,136,119
0022200641,2023-01-14,2022-23,1610612748,1610612749,111,95
0022200643,2023-01-14,2022-23,1610612754,1610612763,112,130
0022200646,2023-01-14,2022-23,1610612762,1610612755,117,118
0022200650,2023-01-15,2022-23,1610612741,1610612744,132,118
0022200654,2023-01-15,2022-23,1610612757,1610612742,140,123
0022200653,2023-01-15,2022-23,1610612743,1610612753,119,116
0022200649,2023-01-15,2022-23,1610612746,1610612745,121,100
0022200655,2023-01-15,2022-23,1610612747,1610612755,112,113
0022200651,2023-01-15,2022-23,1610612751,1610612760,102,112
0022200648,2023-01-15,2022-23,1610612765,1610612752,104,117
0022200652,2023-01-15,2022-23,1610612759,1610612758,119,132
0022200661,2023-01-16,2022-23,1610612737,1610612748,121,113
0022200656,2023-01-16,2022-23,1610612766,1610612738,118,130
0022200658,2023-01-16,2022-23,1610612739,1610612740,113,103
0022200660,2023-01-16,2022-23,1610612764,1610612744,118,127
0022200664,2023-01-16,2022-23,1610612747,1610612745,140,132
0022200657,2023-01-16,2022-23,1610612749,1610612754,132,119
0022200662,2023-01-16,2022-23,1610612750,1610612762,125,126
0022200659,2023-01-16,2022-23,1610612752,1610612761,121,123
0022200663,2023-01-16,2022-23,1610612763,1610612756,136,106
0022200667,2023-01-17,2022-23,1610612743,1610612757,122,113
0022200668,2023-01-17,2022-23,1610612746,1610612755,110,120
0022200665,2023-01-17,2022-23,1610612749,1610612761,130,122
0022200666,2023-01-17,2022-23,1610612759,1610612751,106,98
0022200670,2023-01-18,2022-23,1610612742,1610612737,122,130
0022200672,2023-01-18,2022-23,1610612763,1610612739,115,114
0022200673,2023-01-18,2022-23,1610612740,1610612748,98,124
0022200676,2023-01-18,2022-23,1610612743,1610612750,122,118
0022200671,2023-01-18,2022-23,1610612745,1610612766,117,122
0022200675,2023-01-18,2022-23,1610612762,1610612746,126,103
0022200677,2023-01-18,2022-23,1610612747,1610612758,111,116
0022200669,2023-01-18,2022-23,1610612752,1610612764,105,116
0022200674,2023-01-18,2022-23,1610612760,1610612754,126,106
0022200679,2023-01-19,2022-23,1610612738,1610612744,121,118
0022200678,2023-01-19,2022-23,1610612765,1610612741,108,126
0022200680,2023-01-19,2022-23,1610612750,1610612761,128,126
0022200681,2023-01-19,2022-23,1610612756,1610612751,117,112
0022200682,2023-01-19,2022-23,1610612757,1610612755,95,105
0022200684,2023-01-20,2022-23,1610612737,1610612752,139,124
0022200685,2023-01-20,2022-23,1610612739,1610612744,114,120
0022200683,2023-01-20,2022-23,1610612753,1610612740,123,110
0022200686,2023-01-20,2022-23,1610612742,1610612748,115,90
0022200688,2023-01-20,2022-23,1610612743,1610612754,134,111
0022200687,2023-01-20,2022-23,1610612759,1610612746,126,131
0022200690,2023-01-20,2022-23,1610612747,1610612763,122,121
0022200689,2023-01-20,2022-23,1610612762,1610612751,106,117
0022200691,2023-01-20,2022-23,1610612758,1610612760,118,113
0022200694,2023-01-21,2022-23,1610612737,1610612766,118,122
0022200692,2023-01-21,2022-23,1610612761,1610612738,104,106
0022200695,2023-01-21,2022-23,1610612739,1610612749,114,102
0022200696,2023-01-21,2022-23,1610612750,1610612745,113,104
0022200693,2023-01-21,2022-23,1610612764,1610612753,138,118
0022200697,2023-01-21,2022-23,1610612756,1610612754,112,107
0022200698,2023-01-21,2022-23,1610612758,1610612755,127,129
0022200699,2023-01-22,2022-23,1610612748,1610612740,100,96
0022200701,2023-01-22,2022-23,1610612742,1610612746,98,112
0022200702,2023-01-22,2022-23,1610612743,1610612760,99,101
0022200704,2023-01-22,2022-23,1610612744,1610612751,116,120
0022200705,2023-01-22,2022-23,1610612757,1610612747,112,121
0022200700,2023-01-22,2022-23,1610612761,1610612752,125,116
0022200703,2023-01-22,2022-23,1610612756,1610612763,112,110
0022200708,2023-01-23,2022-23,1610612741,1610612737,111,100
0022200707,2023-01-23,2022-23,1610612753,1610612738,113,98
0022200709,2023-01-23,2022-23,1610612745,1610612750,119,114
0022200706,2023-01-23,2022-23,1610612765,1610612749,130,150
0022200711,2023-01-23,2022-23,1610612757,1610612759,147,127
0022200712,2023-01-23,2022-23,1610612758,1610612763,133,100
0022200710,2023-01-23,2022-23,1610612762,1610612766,120,102
0022200714,2023-01-24,2022-23,1610612748,1610612738,98,95
0022200715,2023-01-24,2022-23,1610612752,1610612739,105,103
0022200716,2023-01-24,2022-23,1610612740,1610612743,98,99
0022200713,2023-01-24,2022-23,1610612754,1610612741,116,110
0022200717,2023-01-24,2022-23,1610612742,1610612764,126,127
0022200719,2023-01-24,2022-23,1610612747,1610612746,115,133
0022200718,2023-01-24,2022-23,1610612756,1610612766,128,97
0022200725,2023-01-25,2022-23,1610612760,1610612737,132,137
0022200724,2023-01-25,2022-23,1610612740,1610612750,102,111
0022200723,2023-01-25,2022-23,1610612749,1610612743,107,99
0022200726,2023-01-25,2022-23,1610612744,1610612763,122,120
0022200722,2023-01-25,2022-23,1610612745,1610612764,103,108
0022200729,2023-01-25,2022-23,1610612747,1610612759,113,104
0022200721,2023-01-25,2022-23,1610612755,1610612751,137,133
0022200720,2023-01-25,2022-23,1610612753,1610612754,126,120
0022200727,2023-01-25,2022-23,1610612757,1610612762,134,124
0022200728,2023-01-25,2022-23,1610612758,1610612761,95,113
0022200730,2023-01-26,2022-23,1610612738,1610612752,117,120
0022200733,2023-01-26,2022-23,1610612745,1610612739,95,113
0022200732,2023-01-26,2022-23,1610612766,1610612741,111,96
0022200734,2023-01-26,2022-23,1610612756,1610612742,95,99
0022200735,2023-01-26,2022-23,1610612746,1610612759,138,100
0022200731,2023-01-26,2022-23,1610612751,1610612765,122,130
0022200739,2023-01-27,2022-23,1610612760,1610612739,112,100
0022200740,2023-01-27,2022-23,1610612744,1610612761,129,117
0022200738,2023-01-27,2022-23,1610612748,1610612753,110,105
0022200736,2023-01-27,2022-23,1610612754,1610612749,131,141
0022200737,2023-01-27,2022-23,1610612750,1610612763,111,100
0022200745,2023-01-28,2022-23,1610612737,1610612746,113,120
0022200749,2023-01-28,2022-23,1610612738,1610612747,125,121
0022200747,2023-01-28,2022-23,1610612740,1610612764,103,113
0022200744,2023-01-28,2022-23,1610612753,1610612741,109,128
0022200750,2023-01-28,2022-23,1610612762,1610612742,108,100
0022200741,2023-01-28,2022-23,1610612755,1610612743,126,119
0022200743,2023-01-28,2022-23,1610612765,1610612745,114,117
0022200746,2023-01-28,2022-23,1610612750,1610612758,117,110
0022200742,2023-01-28,2022-23,1610612751,1610612752,122,115
0022200748,2023-01-28,2022-23,1610612759,1610612756,118,128
0022200751,2023-01-28,2022-23,1610612757,1610612761,105,123
0022200754,2023-01-29,2022-23,1610612739,1610612746,122,99
0022200755,2023-01-29,2022-23,1610612749,1610612740,135,110
0022200752,2023-01-29,2022-23,1610612766,1610612748,122,117
0022200753,2023-01-29,2022-23,1610612763,1610612754,112,100
0022200763,2023-01-30,2022-23,1610612757,1610612737,129,125
0022200761,2023-01-30,2022-23,1610612742,1610612765,111,105
0022200759,2023-01-30,2022-23,1610612760,1610612744,120,128
0022200757,2023-01-30,2022-23,1610612751,1610612747,121,104
0022200758,2023-01-30,2022-23,1610612750,1610612758,111,118
0022200756,2023-01-30,2022-23,1610612755,1610612753,109,119
0022200762,2023-01-30,2022-23,1610612756,1610612761,114,106
0022200760,2023-01-30,2022-23,1610612759,1610612764,106,127
0022200764,2023-01-31,2022-23,1610612739,1610612748,97,100
0022200768,2023-01-31,2022-23,1610612743,1610612740,122,113
0022200766,2023-01-31,2022-23,1610612741,1610612746,103,108
0022200765,2023-01-31,2022-23,1610612752,1610612747,123,129
0022200767,2023-01-31,2022-23,1610612749,1610612766,124,115
0022200777,2023-02-01,2022-23,1610612756,1610612737,100,132
0022200772,2023-02-01,2022-23,1610612738,1610612751,139,96
0022200774,2023-02-01,2022-23,1610612750,1610612744,119,114
0022200773,2023-02-01,2022-23,1610612745,1610612760,112,106
0022200770,2023-02-01,2022-23,1610612755,1610612753,105,94
0022200771,2023-02-01,2022-23,1610612763,1610612757,112,122
0022200775,2023-02-01,2022-23,1610612759,1610612758,109,119
0022200776,2023-02-01,2022-23,1610612762,1610612761,131,128
0022200779,2023-02-02,2022-23,1610612739,1610612763,128,113
0022200782,2023-02-02,2022-23,1610612742,1610612740,111,106
0022200781,2023-02-02,2022-23,1610612741,1610612766,114,98
0022200783,2023-02-02,2022-23,1610612743,1610612744,134,117
0022200784,2023-02-02,2022-23,1610612749,1610612746,106,105
0022200778,2023-02-02,2022-23,1610612754,1610612747,111,112
0022200780,2023-02-02,2022-23,1610612752,1610612748,106,104
0022200792,2023-02-03,2022-23,1610612762,1610612737,108,115
0022200788,2023-02-03,2022-23,1610612738,1610612756,94,106
0022200789,2023-02-03,2022-23,1610612745,1610612761,111,117
0022200790,2023-02-03,2022-23,1610612750,1610612753,120,127
0022200786,2023-02-03,2022-23,1610612754,1610612758,107,104
0022200791,2023-02-03,2022-23,1610612759,1610612755,125,137
0022200787,2023-02-03,2022-23,1610612764,1610612757,116,124
0022200785,2023-02-03,2022-23,1610612765,1610612766,118,112
0022200801,2023-02-04,2022-23,1610612743,1610612737,128,108
0022200798,2023-02-04,2022-23,1610612740,1610612747,131,126
0022200796,2023-02-04,2022-23,1610612741,1610612757,129,121
0022200800,2023-02-04,2022-23,1610612744,1610612742,119,113
0022200799,2023-02-04,2022-23,1610612760,1610612745,153,121
0022200795,2023-02-04,2022-23,1610612752,1610612746,128,134
0022200797,2023-02-04,2022-23,1610612749,1610612748,123,115
0022200793,2023-02-04,2022-23,1610612751,1610612764,125,123
0022200794,2023-02-04,2022-23,1610612765,1610612756,100,116
0022200803,2023-02-05,2022-23,1610612754,1610612739,103,122
0022200807,2023-02-05,2022-23,1610612740,1610612758,136,104
0022200806,2023-02-05,2022-23,1610612750,1610612743,128,98
0022200804,2023-02-05,2022-23,1610612752,1610612755,108,97
0022200802,2023-02-05,2022-23,1610612766,1610612753,113,119
0022200805,2023-02-05,2022-23,1610612763,1610612761,103,106
0022200808,2023-02-06,2022-23,1610612765,1610612738,99,111
0022200809,2023-02-06,2022-23,1610612764,1610612739,91,114
0022200811,2023-02-06,2022-23,1610612741,1610612759,128,104
0022200813,2023-02-06,2022-23,1610612762,1610612742,111,124
0022200814,2023-02-06,2022-23,1610612744,1610612760,141,114
0022200812,2023-02-06,2022-23,1610612745,1610612758,120,140
0022200810,2023-02-06,2022-23,1610612751,1610612746,116,124
0022200815,2023-02-06,2022-23,1610612757,1610612749,108,127
0022200818,2023-02-07,2022-23,1610612740,1610612737,116,107
0022200819,2023-02-07,2022-23,1610612763,1610612741,104,89
0022200820,2023-02-07,2022-23,1610612743,1610612750,146,112
0022200821,2023-02-07,2022-23,1610612747,1610612760,130,133
0022200817,2023-02-07,2022-23,1610612751,1610612756,112,116
0022200816,2023-02-07,2022-23,1610612753,1610612752,98,102
0022200824,2023-02-08,2022-23,1610612738,1610612755,106,99
0022200822,2023-02-08,2022-23,1610612739,1610612765,113,85
0022200829,2023-02-08,2022-23,1610612746,1610612742,104,110
0022200830,2023-02-08,2022-23,1610612757,1610612744,125,122
0022200827,2023-02-08,2022-23,1610612745,1610612758,128,130
0022200825,2023-02-08,2022-23,1610612748,1610612754,116,111
0022200828,2023-02-08,2022-23,1610612762,1610612750,118,143
0022200826,2023-02-08,2022-23,1610612761,1610612759,112,98
0022200823,2023-02-08,2022-23,1610612764,1610612766,118,104
0022200832,2023-02-09,2022-23,1610612737,1610612756,116,107
0022200833,2023-02-09,2022-23,1610612751,1610612741,116,105
0022200831,2023-02-09,2022-23,1610612753,1610612743,115,104
0022200834,2023-02-09,2022-23,1610612747,1610612749,106,115
0022200838,2023-02-10,2022-23,1610612738,1610612766,127,116
0022200842,2023-02-10,2022-23,1610612740,1610612739,107,118
0022200844,2023-02-10,2022-23,1610612758,1610612742,114,122
0022200840,2023-02-10,2022-23,1610612748,1610612745,97,95
0022200845,2023-02-10,2022-23,1610612746,1610612749,106,119
0022200841,2023-02-10,2022-23,1610612763,1610612750,128,107
0022200837,2023-02-10,2022-23,1610612755,1610612752,119,108
0022200836,2023-02-10,2022-23,1610612754,1610612756,104,117
0022200843,2023-02-10,2022-23,1610612757,1610612760,129,138
0022200835,2023-02-10,2022-23,1610612765,1610612759,138,131
0022200839,2023-02-10,2022-23,1610612761,1610612762,116,122
0022200850,2023-02-11,2022-23,1610612737,1610612759,125,106
0022200852,2023-02-11,2022-23,1610612739,1610612741,97,89
0022200854,2023-02-11,2022-23,1610612758,1610612742,133,128
0022200847,2023-02-11,2022-23,1610612766,1610612743,105,119
0022200853,2023-02-11,2022-23,1610612744,1610612747,103,109
0022200848,2023-02-11,2022-23,1610612753,1610612748,103,107
0022200846,2023-02-11,2022-23,1610612751,1610612755,98,101
0022200851,2023-02-11,2022-23,1610612752,1610612762,126,120
0022200849,2023-02-11,2022-23,1610612764,1610612754,127,113
0022200855,2023-02-12,2022-23,1610612738,1610612763,119,109
0022200856,2023-02-12,2022-23,1610612761,1610612765,119,118
0022200857,2023-02-13,2022-23,1610612766,1610612737,144,138
0022200858,2023-02-13,2022-23,1610612739,1610612759,117,109
0022200864,2023-02-13,2022-23,1610612760,1610612740,100,103
0022200863,2023-02-13,2022-23,1610612741,1610612753,91,100
0022200865,2023-02-13,2022-23,1610612742,1610612750,121,124
0022200861,2023-02-13,2022-23,1610612748,1610612743,108,112
0022200866,2023-02-13,2022-23,1610612744,1610612764,135,126
0022200860,2023-02-13,2022-23,1610612755,1610612745,123,104
0022200867,2023-02-13,2022-23,1610612757,1610612747,127,115
0022200862,2023-02-13,2022-23,1610612752,1610612751,124,106
0022200859,2023-02-13,2022-23,1610612754,1610612762,117,123
0022200869,2023-02-14,2022-23,1610612749,1610612738,131,125
0022200871,2023-02-14,2022-23,1610612746,1610612744,134,124
0022200868,2023-02-14,2022-23,1610612761,1610612753,123,113
0022200870,2023-02-14,2022-23,1610612756,1610612758,120,109
0022200872,2023-02-14,2022-23,1610612757,1610612764,101,126
0022200876,2023-02-15,2022-23,1610612737,1610612752,101,122
0022200877,2023-02-15,2022-23,1610612738,1610612765,127,109
0022200875,2023-02-15,2022-23,1610612755,1610612739,118,112
0022200882,2023-02-15,2022-23,1610612747,1610612740,120,102
0022200874,2023-02-15,2022-23,1610612754,1610612741,117,113
0022200881,2023-02-15,2022-23,1610612743,1610612742,118,109
0022200880,2023-02-15,2022-23,1610612760,1610612745,133,96
0022200878,2023-02-15,2022-23,1610612751,1610612748,116,105
0022200873,2023-02-15,2022-23,1610612766,1610612759,120,110
0022200879,2023-02-15,2022-23,1610612763,1610612762,117,111
0022200883,2023-02-16,2022-23,1610612741,1610612749,100,112
0022200885,2023-02-16,2022-23,1610612756,1610612746,107,116
0022200884,2023-02-16,2022-23,1610612750,1610612764,106,114
0022200887,2023-02-23,2022-23,1610612754,1610612738,138,142
0022200886,2023-02-23,2022-23,1610612739,1610612743,109,115
0022200890,2023-02-23,2022-23,1610612761,1610612740,115,110
0022200891,2023-02-23,2022-23,1610612742,1610612759,142,116
0022200893,2023-02-23,2022-23,1610612747,1610612744,124,111
0022200888,2023-02-23,2022-23,1610612753,1610612765,108,106
0022200889,2023-02-23,2022-23,1610612755,1610612763,110,105
0022200894,2023-02-23,2022-23,1610612758,1610612757,133,116
0022200892,2023-02-23,2022-23,1610612762,1610612760,120,119
0022200896,2023-02-24,2022-23,1610612737,1610612739,136,119
0022200900,2023-02-24,2022-23,1610612741,1610612751,131,87
0022200901,2023-02-24,2022-23,1610612744,1610612745,116,101
0022200902,2023-02-24,2022-23,1610612746,1610612758,175,176
0022200897,2023-02-24,2022-23,1610612749,1610612748,128,99
0022200898,2023-02-24,2022-23,1610612750,1610612766,113,121
0022200895,2023-02-24,2022-23,1610612764,1610612752,109,115
0022200899,2023-02-24,2022-23,1610612756,1610612760,124,115
0022200908,2023-02-25,2022-23,1610612755,1610612738,107,110
0022200906,2023-02-25,2022-23,1610612752,1610612740,128,106
0022200907,2023-02-25,2022-23,1610612763,1610612743,112,94
0022200904,2023-02-25,2022-23,1610612766,1610612748,108,103
0022200905,2023-02-25,2022-23,1610612753,1610612754,108,121
0022200909,2023-02-25,2022-23,1610612762,1610612759,118,102
0022200903,2023-02-25,2022-23,1610612765,1610612761,91,95
0022200911,2023-02-26,2022-23,1610612737,1610612751,129,127
0022200914,2023-02-26,2022-23,1610612739,1610612761,118,93
0022200912,2023-02-26,2022-23,1610612741,1610612764,102,82
0022200913,2023-02-26,2022-23,1610612742,1610612747,108,111
0022200918,2023-02-26,2022-23,1610612743,1610612746,134,124
0022200916,2023-02-26,2022-23,1610612744,1610612750,109,104
0022200917,2023-02-26,2022-23,1610612757,1610612745,131,114
0022200910,2023-02-26,2022-23,1610612749,1610612756,104,101
0022200915,2023-02-26,2022-23,1610612760,1610612758,115,124
0022200921,2023-02-27,2022-23,1610612752,1610612738,109,94
0022200922,2023-02-27,2022-23,1610612740,1610612753,93,101
0022200920,2023-02-27,2022-23,1610612755,1610612748,99,101
0022200919,2023-02-27,2022-23,1610612766,1610612765,117,106
0022200923,2023-02-28,2022-23,1610612737,1610612764,116,119
0022200925,2023-02-28,2022-23,1610612761,1610612741,104,98
0022200929,2023-02-28,2022-23,1610612742,1610612754,122,124
0022200926,2023-02-28,2022-23,1610612745,1610612743,112,133
0022200931,2023-02-28,2022-23,1610612744,1610612757,123,105
0022200932,2023-02-28,2022-23,1610612746,1610612750,101,108
0022200927,2023-02-28,2022-23,1610612763,1610612747,121,109
0022200924,2023-02-28,2022-23,1610612751,1610612749,104,118
0022200928,2023-02-28,2022-23,1610612760,1610612758,117,123
0022200930,2023-02-28,2022-23,1610612762,1610612759,94,102
0022200935,2023-03-01,2022-23,1610612738,1610612739,117,113
0022200941,2023-03-01,2022-23,1610612757,1610612740,110,121
0022200934,2023-03-01,2022-23,1610612765,1610612741,115,117
0022200938,2023-03-01,2022-23,1610612745,1610612763,99,113
0022200940,2023-03-01,2022-23,1610612760,1610612747,117,123
0022200936,2023-03-01,2022-23,1610612748,1610612755,96,119
0022200939,2023-03-01,2022-23,1610612749,1610612753,139,117
0022200937,2023-03-01,2022-23,1610612752,1610612751,142,118
0022200933,2023-03-01,2022-23,1610612766,1610612756,91,105
0022200943,2023-03-02,2022-23,1610612742,1610612755,133,126
0022200945,2023-03-02,2022-23,1610612744,1610612746,115,91
0022200944,2023-03-02,2022-23,1610612759,1610612754,110,99
0022200942,2023-03-02,2022-23,1610612764,1610612761,119,108
0022200947,2023-03-03,2022-23,1610612737,1610612757,129,111
0022200948,2023-03-03,2022-23,1610612738,1610612751,105,115
0022200953,2023-03-03,2022-23,1610612744,1610612740,108,99
0022200950,2023-03-03,2022-23,1610612741,1610612756,104,125
0022200952,2023-03-03,2022-23,1610612743,1610612763,113,97
0022200954,2023-03-03,2022-23,1610612758,1610612746,128,127
0022200955,2023-03-03,2022-23,1610612747,1610612750,102,110
0022200949,2023-03-03,2022-23,1610612748,1610612752,120,122
0022200946,2023-03-03,2022-23,1610612766,1610612753,106,117
0022200951,2023-03-03,2022-23,1610612760,1610612762,130,103
0022200958,2023-03-04,2022-23,1610612748,1610612737,117,109
0022200957,2023-03-04,2022-23,1610612739,1610612765,114,90
0022200959,2023-03-04,2022-23,1610612759,1610612745,110,122
0022200960,2023-03-04,2022-23,1610612749,1610612755,130,133
0022200961,2023-03-04,2022-23,1610612758,1610612750,134,138
0022200956,2023-03-04,2022-23,1610612764,1610612761,109,116
0022200969,2023-03-05,2022-23,1610612738,1610612752,129,131
0022200963,2023-03-05,2022-23,1610612741,1610612754,122,125
0022200962,2023-03-05,2022-23,1610612742,1610612756,126,130
0022200964,2023-03-05,2022-23,1610612747,1610612744,113,105
0022200967,2023-03-05,2022-23,1610612745,1610612759,142,110
0022200970,2023-03-05,2022-23,1610612746,1610612763,135,129
0022200973,2023-03-05,2022-23,1610612764,1610612749,111,117
0022200965,2023-03-05,2022-23,1610612751,1610612766,102,86
0022200966,2023-03-05,2022-23,1610612753,1610612757,119,122
0022200968,2023-03-05,2022-23,1610612760,1610612762,129,119
0022200974,2023-03-06,2022-23,1610612748,1610612737,130,128
0022200971,2023-03-06,2022-23,1610612739,1610612738,118,114
0022200976,2023-03-06,2022-23,1610612758,1610612740,123,108
0022200975,2023-03-06,2022-23,1610612743,1610612761,118,113
0022200972,2023-03-06,2022-23,1610612754,1610612755,143,147
0022200977,2023-03-06,2022-23,1610612765,1610612757,104,110
0022200983,2023-03-07,2022-23,1610612742,1610612762,120,116
0022200982,2023-03-07,2022-23,1610612760,1610612744,137,128
0022200981,2023-03-07,2022-23,1610612745,1610612751,96,118
0022200984,2023-03-07,2022-23,1610612747,1610612763,112,103
0022200978,2023-03-07,2022-23,1610612753,1610612749,123,134
0022200980,2023-03-07,2022-23,1610612750,1610612755,94,117
0022200979,2023-03-07,2022-23,1610612752,1610612766,105,112
0022200769,2023-03-07,2022-23,1610612765,1610612764,117,119
0022200985,2023-03-08,2022-23,1610612764,1610612737,120,122
0022200986,2023-03-08,2022-23,1610612738,1610612757,115,93
0022200987,2023-03-08,2022-23,1610612748,1610612739,100,104
0022200988,2023-03-08,2022-23,1610612740,1610612742,113,106
0022200989,2023-03-08,2022-23,1610612743,1610612741,96,117
0022200991,2023-03-08,2022-23,1610612746,1610612761,108,100
0022200990,2023-03-08,2022-23,1610612756,1610612760,132,101
0022200996,2023-03-09,2022-23,1610612763,1610612744,131,110
0022200993,2023-03-09,2022-23,1610612754,1610612745,134,125
0022200995,2023-03-09,2022-23,1610612749,1610612751,118,113
0022200997,2023-03-09,2022-23,1610612758,1610612752,122,117
0022200994,2023-03-09,2022-23,1610612753,1610612762,124,131
0022200992,2023-03-09,2022-23,1610612765,1610612766,103,113
0022200999,2023-03-10,2022-23,1610612764,1610612737,107,114
0022201000,2023-03-10,2022-23,1610612748,1610612739,119,115
0022201002,2023-03-10,2022-23,1610612759,1610612743,128,120
0022201003,2023-03-10,2022-23,1610612747,1610612761,122,112
0022201001,2023-03-10,2022-23,1610612750,1610612751,123,124
0022200998,2023-03-10,2022-23,1610612755,1610612757,120,119
0022201008,2023-03-11,2022-23,1610612737,1610612738,125,134
0022201011,2023-03-11,2022-23,1610612740,1610612760,96,110
0022201009,2023-03-11,2022-23,1610612745,1610612741,111,119
0022201010,2023-03-11,2022-23,1610612763,1610612742,112,108
0022201012,2023-03-11,2022-23,1610612744,1610612749,125,116
0022201004,2023-03-11,2022-23,1610612746,1610612752,106,95
0022201007,2023-03-11,2022-23,1610612753,1610612748,126,114
0022201006,2023-03-11,2022-23,1610612765,1610612754,115,121
0022201013,2023-03-11,2022-23,1610612756,1610612758,119,128
0022201005,2023-03-11,2022-23,1610612766,1610612762,111,119
0022201015,2023-03-12,2022-23,1610612766,1610612739,108,114
0022201017,2023-03-12,2022-23,1610612740,1610612757,127,110
0022201014,2023-03-12,2022-23,1610612743,1610612751,120,122
0022201019,2023-03-12,2022-23,1610612747,1610612752,108,112
0022201016,2023-03-12,2022-23,1610612755,1610612764,112,93
0022201018,2023-03-12,2022-23,1610612759,1610612760,90,102
0022201021,2023-03-13,2022-23,1610612737,1610612750,115,136
0022201024,2023-03-13,2022-23,1610612745,1610612738,111,109
0022201023,2023-03-13,2022-23,1610612742,1610612763,88,104
0022201025,2023-03-13,2022-23,1610612744,1610612756,123,112
0022201022,2023-03-13,2022-23,1610612748,1610612762,119,115
0022201026,2023-03-13,2022-23,1610612758,1610612749,124,133
0022201020,2023-03-13,2022-23,1610612765,1610612754,117,97
0022201027,2023-03-14,2022-23,1610612766,1610612739,104,120
0022201030,2023-03-14,2022-23,1610612740,1610612747,108,123
0022201029,2023-03-14,2022-23,1610612761,1610612743,125,110
0022201033,2023-03-14,2022-23,1610612756,1610612749,104,116
0022201031,2023-03-14,2022-23,1610612760,1610612751,121,107
0022201034,2023-03-14,2022-23,1610612757,1610612752,107,123
0022201032,2023-03-14,2022-23,1610612759,1610612753,132,114
0022201028,2023-03-14,2022-23,1610612764,1610612765,117,97
0022201039,2023-03-15,2022-23,1610612750,1610612738,102,104
0022201035,2023-03-15,2022-23,1610612739,1610612755,109,118
0022201037,2023-03-15,2022-23,1610612741,1610612758,114,117
0022201040,2023-03-15,2022-23,1610612759,1610612742,128,137
0022201041,2023-03-15,2022-23,1610612746,1610612744,134,126
0022201038,2023-03-15,2022-23,1610612745,1610612747,114,110
0022201036,2023-03-15,2022-23,1610612748,1610612763,138,119
0022201042,2023-03-16,2022-23,1610612765,1610612743,100,119
0022201045,2023-03-16,2022-23,1610612749,1610612754,123,139
0022201043,2023-03-16,2022-23,1610612751,1610612758,96,101
0022201046,2023-03-16,2022-23,1610612756,1610612753,116,113
0022201044,2023-03-16,2022-23,1610612761,1610612760,128,111
0022201048,2023-03-17,2022-23,1610612737,1610612744,127,119
0022201053,2023-03-17,2022-23,1610612757,1610612738,112,126
0022201049,2023-03-17,2022-23,1610612739,1610612764,117,94
0022201051,2023-03-17,2022-23,1610612745,1610612740,114,112
0022201050,2023-03-17,2022-23,1610612741,1610612750,139,131
0022201054,2023-03-17,2022-23,1610612747,1610612742,110,111
0022201047,2023-03-17,2022-23,1610612766,1610612755,82,121
0022201052,2023-03-17,2022-23,1610612759,1610612763,120,126
0022201062,2023-03-18,2022-23,1610612762,1610612738,118,117
0022201060,2023-03-18,2022-23,1610612741,1610612748,113,99
0022201055,2023-03-18,2022-23,1610612752,1610612743,116,110
0022201061,2023-03-18,2022-23,1610612763,1610612744,133,119
0022201056,2023-03-18,2022-23,1610612746,1610612753,108,113
0022201058,2023-03-18,2022-23,1610612761,1610612750,122,107
0022201057,2023-03-18,2022-23,1610612754,1610612755,121,141
0022201059,2023-03-18,2022-23,1610612764,1610612758,118,132
0022201065,2023-03-19,2022-23,1610612759,1610612737,126,118
0022201067,2023-03-19,2022-23,1610612745,1610612740,107,117
0022201063,2023-03-19,2022-23,1610612751,1610612743,102,108
0022201069,2023-03-19,2022-23,1610612757,1610612746,102,117
0022201070,2023-03-19,2022-23,1610612747,1610612753,111,105
0022201066,2023-03-19,2022-23,1610612765,1610612748,100,112
0022201068,2023-03-19,2022-23,1610612749,1610612761,118,111
0022201064,2023-03-19,2022-23,1610612760,1610612756,124,120
0022201072,2023-03-20,2022-23,1610612755,1610612741,105,109
0022201075,2023-03-20,2022-23,1610612763,1610612742,112,108
0022201074,2023-03-20,2022-23,1610612745,1610612744,108,121
0022201073,2023-03-20,2022-23,1610612752,1610612750,134,140
0022201071,2023-03-20,2022-23,1610612766,1610612754,115,109
0022201076,2023-03-20,2022-23,1610612762,1610612758,128,120
0022201078,2023-03-21,2022-23,1610612737,1610612765,129,107
0022201081,2023-03-21,2022-23,1610612758,1610612738,109,132
0022201079,2023-03-21,2022-23,1610612751,1610612739,109,115
0022201080,2023-03-21,2022-23,1610612740,1610612759,119,84
0022201082,2023-03-21,2022-23,1610612746,1610612760,100,101
0022201077,2023-03-21,2022-23,1610612753,1610612764,122,112
0022201090,2023-03-22,2022-23,1610612750,1610612737,125,124
0022201087,2023-03-22,2022-23,1610612741,1610612755,91,116
0022201086,2023-03-22,2022-23,1610612742,1610612744,125,127
0022201083,2023-03-22,2022-23,1610612764,1610612743,104,118
0022201088,2023-03-22,2022-23,1610612763,1610612745,130,125
0022201092,2023-03-22,2022-23,1610612747,1610612756,122,111
0022201084,2023-03-22,2022-23,1610612748,1610612752,127,120
0022201089,2023-03-22,2022-23,1610612749,1610612759,130,94
0022201085,2023-03-22,2022-23,1610612761,1610612754,114,118
0022201091,2023-03-22,2022-23,1610612762,1610612757,115,127
0022201094,2023-03-23,2022-23,1610612751,1610612739,114,116
0022201095,2023-03-23,2022-23,1610612740,1610612766,115,96
0022201096,2023-03-23,2022-23,1610612746,1610612760,127,105
0022201093,2023-03-23,2022-23,1610612753,1610612752,111,106
0022201097,2023-03-24,2022-23,1610612738,1610612754,120,95
0022201104,2023-03-24,2022-23,1610612757,1610612741,96,124
0022201101,2023-03-24,2022-23,1610612742,1610612766,109,117
0022201103,2023-03-24,2022-23,1610612744,1610612755,120,112
0022201100,2023-03-24,2022-23,1610612763,1610612745,151,114
0022201106,2023-03-24,2022-23,1610612747,1610612760,116,111
0022201102,2023-03-24,2022-23,1610612762,1610612749,116,144
0022201105,2023-03-24,2022-23,1610612758,1610612756,135,127
0022201098,2023-03-24,2022-23,1610612764,1610612759,136,124
0022201099,2023-03-24,2022-23,1610612761,1610612765,118,97
0022201107,2023-03-25,2022-23,1610612737,1610612754,143,130
0022201112,2023-03-25,2022-23,1610612746,1610612740,110,131
0022201109,2023-03-25,2022-23,1610612743,1610612749,129,106
0022201108,2023-03-25,2022-23,1610612748,1610612751,100,129
0022201110,2023-03-25,2022-23,1610612756,1610612755,125,105
0022201111,2023-03-25,2022-23,1610612758,1610612762,121,113
0022201115,2023-03-26,2022-23,1610612737,1610612763,119,123
0022201116,2023-03-26,2022-23,1610612738,1610612759,137,93
0022201117,2023-03-26,2022-23,1610612739,1610612745,108,91
0022201114,2023-03-26,2022-23,1610612747,1610612741,108,118
0022201113,2023-03-26,2022-23,1610612766,1610612742,110,104
0022201121,2023-03-26,2022-23,1610612744,1610612750,96,99
0022201118,2023-03-26,2022-23,1610612753,1610612751,119,106
0022201120,2023-03-26,2022-23,1610612757,1610612760,112,118
0022201119,2023-03-26,2022-23,1610612761,1610612764,114,104
0022201127,2023-03-27,2022-23,1610612757,1610612740,90,124
0022201129,2023-03-27,2022-23,1610612746,1610612741,124,112
0022201123,2023-03-27,2022-23,1610612754,1610612742,104,127
0022201126,2023-03-27,2022-23,1610612743,1610612755,116,111
0022201124,2023-03-27,2022-23,1610612752,1610612745,137,115
0022201122,2023-03-27,2022-23,1610612765,1610612749,117,126
0022201128,2023-03-27,2022-23,1610612758,1610612750,115,119
0022201125,2023-03-27,2022-23,1610612762,1610612756,103,117
0022201131,2023-03-28,2022-23,1610612737,1610612739,120,118
0022201130,2023-03-28,2022-23,1610612764,1610612738,130,111
0022201135,2023-03-28,2022-23,1610612744,1610612740,120,109
0022201132,2023-03-28,2022-23,1610612761,1610612748,106,92
0022201133,2023-03-28,2022-23,1610612763,1610612753,113,108
0022201134,2023-03-28,2022-23,1610612760,1610612766,134,137
0022201140,2023-03-29,2022-23,1610612741,1610612747,110,121
0022201139,2023-03-29,2022-23,1610612755,1610612742,116,108
0022201137,2023-03-29,2022-23,1610612751,1610612745,123,114
0022201141,2023-03-29,2022-23,1610612763,1610612746,132,141
0022201138,2023-03-29,2022-23,1610612752,1610612748,101,92
0022201136,2023-03-29,2022-23,1610612754,1610612749,136,149
0022201144,2023-03-29,2022-23,1610612756,1610612750,107,100
0022201145,2023-03-29,2022-23,1610612757,1610612758,80,120
0022201143,2023-03-29,2022-23,1610612759,1610612762,117,128
0022201142,2023-03-29,2022-23,1610612760,1610612765,107,106
0022201146,2023-03-30,2022-23,1610612749,1610612738,99,140
0022201147,2023-03-30,2022-23,1610612743,1610612740,88,107
0022201153,2023-03-31,2022-23,1610612751,1610612737,124,107
0022201152,2023-03-31,2022-23,1610612738,1610612762,122,114
0022201154,2023-03-31,2022-23,1610612739,1610612752,116,130
0022201148,2023-03-31,2022-23,1610612766,1610612741,91,121
0022201160,2023-03-31,2022-23,1610612756,1610612743,100,93
0022201158,2023-03-31,2022-23,1610612744,1610612759,130,115
0022201155,2023-03-31,2022-23,1610612745,1610612765,121,115
0022201156,2023-03-31,2022-23,1610612763,1610612746,108,94
0022201157,2023-03-31,2022-23,1610612750,1610612747,111,123
0022201151,2023-03-31,2022-23,1610612764,1610612753,109,116
0022201149,2023-03-31,2022-23,1610612754,1610612760,121,117
0022201150,2023-03-31,2022-23,1610612755,1610612761,117,110
0022201159,2023-03-31,2022-23,1610612757,1610612758,114,138
0022201162,2023-04-01,2022-23,1610612740,1610612746,122,114
0022201161,2023-04-01,2022-23,1610612748,1610612742,129,122
0022201167,2023-04-02,2022-23,1610612737,1610612742,132,130
0022201173,2023-04-02,2022-23,1610612739,1610612754,115,105
0022201165,2023-04-02,2022-23,1610612741,1610612763,128,107
0022201175,2023-04-02,2022-23,1610612743,1610612744,112,110
0022201171,2023-04-02,2022-23,1610612745,1610612747,109,134
0022201174,2023-04-02,2022-23,1610612749,1610612755,117,104
0022201166,2023-04-02,2022-23,1610612750,1610612757,105,107
0022201164,2023-04-02,2022-23,1610612751,1610612762,111,110
0022201168,2023-04-02,2022-23,1610612752,1610612764,118,109
0022201169,2023-04-02,2022-23,1610612753,1610612765,128,102
0022201172,2023-04-02,2022-23,1610612760,1610612756,118,128
0022201170,2023-04-02,2022-23,1610612758,1610612759,134,142
0022201163,2023-04-02,2022-23,1610612766,1610612761,108,128
0022201182,2023-04-04,2022-23,1610612741,1610612737,105,123
0022201181,2023-04-04,2022-23,1610612755,1610612738,103,101
0022201178,2023-04-04,2022-23,1610612753,1610612739,113,117
0022201185,2023-04-04,2022-23,1610612740,1610612758,103,121
0022201183,2023-04-04,2022-23,1610612745,1610612743,124,103
0022201187,2023-04-04,2022-23,1610612744,1610612760,136,125
0022201186,2023-04-04,2022-23,1610612762,1610612747,133,135
0022201177,2023-04-04,2022-23,1610612765,1610612748,105,118
0022201179,2023-04-04,2022-23,1610612764,1610612749,128,140
0022201180,2023-04-04,2022-23,1610612751,1610612750,102,107
0022201188,2023-04-04,2022-23,1610612756,1610612759,115,94
0022201184,2023-04-04,2022-23,1610612763,1610612757,119,109
0022201176,2023-04-04,2022-23,1610612766,1610612761,100,120
0022201191,2023-04-05,2022-23,1610612737,1610612764,134,116
0022201192,2023-04-05,2022-23,1610612738,1610612761,97,93
0022201194,2023-04-05,2022-23,1610612740,1610612763,138,131
0022201193,2023-04-05,2022-23,1610612749,1610612741,105,92
0022201195,2023-04-05,2022-23,1610612742,1610612758,123,119
0022201196,2023-04-05,2022-23,1610612746,1610612747,125,118
0022201189,2023-04-05,2022-23,1610612765,1610612751,108,123
0022201190,2023-04-05,2022-23,1610612754,1610612752,129,138
0022201197,2023-04-06,2022-23,1610612753,1610612739,94,118
0022201201,2023-04-06,2022-23,1610612756,1610612743,119,115
0022201198,2023-04-06,2022-23,1610612755,1610612748,101,129
0022201199,2023-04-06,2022-23,1610612759,1610612757,129,127
0022201200,2023-04-06,2022-23,1610612762,1610612760,98,114
0022201205,2023-04-07,2022-23,1610612737,1610612755,131,136
0022201206,2023-04-07,2022-23,1610612738,1610612761,121,102
0022201209,2023-04-07,2022-23,1610612740,1610612752,113,105
0022201210,2023-04-07,2022-23,1610612742,1610612741,112,115
0022201211,2023-04-07,2022-23,1610612758,1610612744,97,119
0022201202,2023-04-07,2022-23,1610612766,1610612745,109,112
0022201212,2023-04-07,2022-23,1610612747,1610612756,121,107
0022201204,2023-04-07,2022-23,1610612764,1610612748,114,108
0022201208,2023-04-07,2022-23,1610612749,1610612763,114,137
0022201207,2023-04-07,2022-23,1610612751,1610612753,101,84
0022201203,2023-04-07,2022-23,1610612754,1610612765,115,122
0022201213,2023-04-08,2022-23,1610612762,1610612743,118,114
0022201215,2023-04-08,2022-23,1610612746,1610612757,136,125
0022201214,2023-04-08,2022-23,1610612759,1610612750,131,151
0022201216,2023-04-09,2022-23,1610612738,1610612737,120,114
0022201218,2023-04-09,2022-23,1610612739,1610612766,95,106
0022201225,2023-04-09,2022-23,1610612750,1610612740,113,108
0022201223,2023-04-09,2022-23,1610612741,1610612765,103,81
0022201224,2023-04-09,2022-23,1610612742,1610612759,117,138
0022201227,2023-04-09,2022-23,1610612743,1610612758,109,95
0022201230,2023-04-09,2022-23,1610612757,1610612744,101,157
0022201222,2023-04-09,2022-23,1610612764,1610612745,109,114
0022201229,2023-04-09,2022-23,1610612756,1610612746,114,119
0022201228,2023-04-09,2022-23,1610612747,1610612762,128,117
0022201219,2023-04-09,2022-23,1610612748,1610612753,123,110
0022201221,2023-04-09,2022-23,1610612761,1610612749,121,105
0022201217,2023-04-09,2022-23,1610612751,1610612755,105,134
0022201220,2023-04-09,2022-23,1610612752,1610612754,136,141
0022201226,2023-04-09,2022-23,1610612760,1610612763,115,100
